threshold,f1,precision,recall
0.05,0.5570599613152805,0.45,0.7309644670050761
0.1,0.6394557823129252,0.5778688524590164,0.7157360406091371
0.15000000000000002,0.6666666666666666,0.6490384615384616,0.6852791878172588
0.2,0.6857142857142857,0.7021276595744681,0.6700507614213198
0.25,0.6914893617021277,0.7262569832402235,0.6598984771573604
0.3,0.7065217391304348,0.7602339181286549,0.6598984771573604
0.35000000000000003,0.713091922005571,0.7901234567901234,0.649746192893401
0.4,0.7231638418079096,0.8152866242038217,0.649746192893401
0.45,0.7188405797101449,0.8378378378378378,0.6294416243654822
0.5,0.7214076246334311,0.8541666666666666,0.6243654822335025
0.55,0.7235294117647059,0.8601398601398601,0.6243654822335025
0.6000000000000001,0.7343283582089553,0.8913043478260869,0.6243654822335025
0.6500000000000001,0.743202416918429,0.917910447761194,0.6243654822335025
0.7000000000000001,0.7378048780487805,0.9236641221374046,0.6142131979695431
0.7500000000000001,0.7423312883435583,0.937984496124031,0.6142131979695431
0.8,0.7391304347826086,0.952,0.6040609137055838
0.8500000000000001,0.7421383647798742,0.9752066115702479,0.5989847715736041
0.9000000000000001,0.7266881028938906,0.9912280701754386,0.5736040609137056
0.9500000000000001,0.7016393442622951,0.9907407407407407,0.5431472081218274
