threshold,precision,recall,f1,accuracy
0.05,0.05918524212144504,1.0,0.11175616835994194,0.06920152091254753
0.1,0.060630557801131774,0.974025974025974,0.1141552511415525,0.11482889733840304
0.15,0.06386701662292213,0.948051948051948,0.11967213114754098,0.1832699619771863
0.2,0.06403940886699508,0.8441558441558441,0.11904761904761904,0.26844106463878326
0.25,0.06828703703703703,0.7662337662337663,0.12539851222104145,0.3741444866920152
0.3,0.0740242261103634,0.7142857142857143,0.13414634146341464,0.4600760456273764
0.35,0.07779578606158834,0.6233766233766234,0.138328530259366,0.5452471482889734
0.4,0.0821917808219178,0.5454545454545454,0.14285714285714285,0.6167300380228137
0.45,0.09090909090909091,0.5194805194805194,0.15473887814313347,0.667680608365019
0.5,0.10601719197707736,0.4805194805194805,0.17370892018779344,0.7323193916349809
0.55,0.11152416356877323,0.38961038961038963,0.17341040462427745,0.782509505703422
0.6,0.10144927536231885,0.2727272727272727,0.14788732394366197,0.8159695817490494
0.65,0.1342281879194631,0.2597402597402597,0.17699115044247787,0.8585551330798479
0.7,0.15853658536585366,0.16883116883116883,0.16352201257861634,0.8988593155893536
0.75,0.16071428571428573,0.11688311688311688,0.13533834586466165,0.9125475285171103
0.8,0.2647058823529412,0.11688311688311688,0.16216216216216217,0.929277566539924
0.85,0.35294117647058826,0.07792207792207792,0.1276595744680851,0.9376425855513308
0.9,0.5714285714285714,0.05194805194805195,0.09523809523809523,0.9422053231939164
0.95,0.5,0.012987012987012988,0.02531645569620253,0.9414448669201521
